,n,t,r,sigma,r_fit,rep,d,loss_true,max_qnorm_ub_true,loss_fit,max_qnorm_ub_fit,gen_err_fit
0,20,3,3,0.0,3,0,3,0.0,9.834276159708446,0.09953187529589282,18.892532595622555,2.3644277970456753
1,20,3,3,0.0,3,0,7,0.0,10.140730188913926,0.3472734290971075,80.29814309923255,3.016480447747039
2,20,3,3,0.0,3,0,11,0.0,8.533547475947453,0.015309521269744109,7.632648048314421,0.018455562972061544
3,20,3,3,0.0,3,0,15,0.0,7.423482427529971,0.009873718727675524,7.345901428528179,0.012125553009505087
4,20,3,3,0.0,3,1,3,0.0,8.186038068913597,0.05753237688737778,6.5957756590872725,1.6918913561226436
5,20,3,3,0.0,3,1,7,0.0,9.037318584477218,0.2716207256092576,166.61650545421108,4.197550728507422
6,20,3,3,0.0,3,1,11,0.0,9.288878838307589,0.28136507465913124,131.95813850230255,5.888370410669427
7,20,3,3,0.0,3,1,15,0.0,8.291643526105895,0.00801878312022618,7.517050463858982,0.008034656002471358
8,20,3,3,0.0,3,2,3,0.0,9.790921537118885,0.06092337126587564,9.525318581880418,1.7911547924597762
9,20,3,3,0.0,3,2,7,0.0,8.631221391989737,0.277823835216015,103.030278766629,6.347397292195619
10,20,3,3,0.0,3,2,11,0.0,9.785818589046082,0.01803709460424624,8.194013672070232,0.02105924631526562
11,20,3,3,0.0,3,2,15,0.0,9.13084400678178,0.008911549534601618,8.107559698890734,0.009455985017324118
12,20,3,3,0.0,3,3,3,0.0,8.179537335105712,0.07024191395794158,17.250881830764357,2.345470088797423
13,20,3,3,0.0,3,3,7,0.0,8.215584155744132,0.4652585623706792,122.46941107853715,6.386268904444416
14,20,3,3,0.0,3,3,11,0.0,7.702080862821014,0.014872622363195545,6.580401342167244,0.01922795869429224
15,20,3,3,0.0,3,3,15,0.0,7.99010859667559,0.008365716390467402,7.1456445701699955,0.009696534584974614
16,20,3,3,0.0,3,4,3,0.0,8.52554093904058,0.11665978419137576,20.87357919522302,2.788606820595109
17,20,3,3,0.0,3,4,7,0.0,6.879479625217978,0.0259592526429524,5.722682651932686,0.03418901828639657
18,20,3,3,0.0,3,4,11,0.0,8.139809166075086,0.3768933168922515,166.55542377523358,9.344664262929964
19,20,3,3,0.0,3,4,15,0.0,8.109157592415322,0.009489539048137553,7.567195028786587,0.011212018209684522
20,20,3,3,0.0,3,5,3,0.0,8.829708811864192,0.07875084843571357,18.10363316899493,2.58712002554974
21,20,3,3,0.0,3,5,7,0.0,6.90057577733105,0.028962750349066566,5.39645676152679,0.04095632165937562
22,20,3,3,0.0,3,5,11,0.0,9.795249698799255,0.01787159894591265,8.718760468768831,0.02053339598685143
23,20,3,3,0.0,3,5,15,0.0,8.37186419231821,0.008417289498676109,7.650941365526338,0.008688842684334192
24,20,3,3,0.0,8,0,3,0.0,9.115613840566962,0.04546675973548503,3.7690577927791047,1.0740009890998954
25,20,3,3,0.0,8,0,7,0.0,10.282399119325945,0.029392895376760694,6.798331832093765,0.11441540736261682
26,20,3,3,0.0,8,0,11,0.0,7.952470230948415,0.014394105830938059,7.1400205084621255,0.02070890639361372
27,20,3,3,0.0,8,0,15,0.0,8.33968815075095,0.010501412507682,7.671639720205222,0.050885572800081845
28,20,3,3,0.0,8,1,3,0.0,7.659375855771654,0.047390732128304386,4.341933178755145,1.1095645710413742
29,20,3,3,0.0,8,1,7,0.0,7.873807845847586,0.026641115243677124,6.700034556464152,0.04891443749498417
30,20,3,3,0.0,8,1,11,0.0,8.497106948401923,0.014496393564057663,7.441168845942609,0.031432380522554725
31,20,3,3,0.0,8,1,15,0.0,7.829300646361167,0.009687955269037509,7.11257945140259,0.012565757089855328
32,20,3,3,0.0,8,2,3,0.0,7.260005998733957,0.050597995921709084,4.730862254423494,1.060685479075153
33,20,3,3,0.0,8,2,7,0.0,8.167758302500282,0.03426820470241534,6.4166448523798865,0.10744416848866488
34,20,3,3,0.0,8,2,11,0.0,9.322043957689996,0.015686977872479666,7.870751526129756,0.031348542962099976
35,20,3,3,0.0,8,2,15,0.0,7.388716391216276,0.007980575670571912,6.4823615024657695,0.015893241834992248
36,20,3,3,0.0,8,3,3,0.0,10.761524700511215,0.04373915584691905,3.79011858153349,1.1334873507323153
37,20,3,3,0.0,8,3,7,0.0,8.808176738194803,0.029528068424819958,6.727283760118882,0.06360623827936339
38,20,3,3,0.0,8,3,11,0.0,8.601576322407544,0.017043257179510534,7.187772725883421,0.029004778185776573
39,20,3,3,0.0,8,3,15,0.0,9.69926684346859,0.011639864877269781,8.911943977523888,0.01587713329949827
40,20,3,3,0.0,8,4,3,0.0,10.598050340076135,0.047503165219583046,4.017626029603714,1.0876421100676386
41,20,3,3,0.0,8,4,7,0.0,7.918020219810906,0.035844324023089104,6.9065073019004855,0.13058528748331694
42,20,3,3,0.0,8,4,11,0.0,8.178698084735963,0.015338840045638501,7.617353071552646,0.03446726390343731
43,20,3,3,0.0,8,4,15,0.0,6.541556217152456,0.007538067281995083,5.808159583954892,0.009232154922812683
44,20,3,3,0.0,8,5,3,0.0,9.469812496208124,0.050518320776015736,4.512206863876876,1.0986866211353985
45,20,3,3,0.0,8,5,7,0.0,8.827069341686075,0.03163673069509798,6.324317347644758,0.11942876818147585
46,20,3,3,0.0,8,5,11,0.0,7.864860748620191,0.013993283522548344,7.027306623403772,0.020691507292705618
47,20,3,3,0.0,8,5,15,0.0,9.948008024541938,0.011009981854326896,8.868508817561336,0.012054503375802599
48,20,3,3,0.0,16,0,3,0.0,9.148465161039354,0.042552364789131915,3.887703775679428,1.0199725290660573
49,20,3,3,0.0,16,0,7,0.0,7.5772357658907366,0.029396971018698956,5.2882988908421185,0.08794013716277763
50,20,3,3,0.0,16,0,11,0.0,7.711744463878151,0.015130835671523249,6.729003438529731,0.044481650346943354
51,20,3,3,0.0,16,0,15,0.0,7.890316348052328,0.00798562483508265,7.171155326038229,0.009417150181885242
52,20,3,3,0.0,16,1,3,0.0,8.00365518821258,0.050534226292381676,4.570619648141247,1.0364961199209601
53,20,3,3,0.0,16,1,7,0.0,8.905300128220347,0.03113097118720737,6.014084354476816,0.09687968426981877
54,20,3,3,0.0,16,1,11,0.0,7.523589606118417,0.012633831515533466,6.620406306572618,0.02561815420449562
55,20,3,3,0.0,16,1,15,0.0,9.736414359859099,0.011467966529942607,8.285888456242182,0.02733988249639453
56,20,3,3,0.0,16,2,3,0.0,10.497857232516395,0.05063888362058554,5.287507212109081,1.0106922686841575
57,20,3,3,0.0,16,2,7,0.0,7.524957703072063,0.027180970264669552,6.297942927098441,0.04577543385506377
58,20,3,3,0.0,16,2,11,0.0,9.573940556608072,0.016090696560159337,7.380126394357036,0.0620647400421895
59,20,3,3,0.0,16,2,15,0.0,10.288669707501056,0.00945829972330144,8.904364355436586,0.014922778450343718
60,20,3,3,0.0,16,3,3,0.0,8.69755600244995,0.050706819301104114,4.5898141969417,1.0074686739759318
61,20,3,3,0.0,16,3,7,0.0,9.326400905599074,0.03181913307842499,6.635754836281112,0.09777201026565344
62,20,3,3,0.0,16,3,11,0.0,8.103724343062071,0.015311476116521344,7.118197085780815,0.026208910935324247
63,20,3,3,0.0,16,3,15,0.0,9.772900295750585,0.012938884461667714,8.63705864616715,0.02608759790219947
64,20,3,3,0.0,16,4,3,0.0,8.496193452822368,0.05058155744802592,4.269739383725543,1.0375551851096387
65,20,3,3,0.0,16,4,7,0.0,8.45963273947671,0.02910969007762075,6.226529226943499,0.08059589000681773
66,20,3,3,0.0,16,4,11,0.0,9.652356246133662,0.016740814025186665,7.474675631725562,0.03850253291259465
67,20,3,3,0.0,16,4,15,0.0,8.289050731145574,0.009669038417636742,7.801472897133974,0.018571857459223736
68,20,3,3,0.0,16,5,3,0.0,8.303699039975966,0.05033779769213224,3.86751233995333,1.054525140042293
69,20,3,3,0.0,16,5,7,0.0,8.755952708877906,0.029630701200296282,6.003734081637654,0.12959621009379396
70,20,3,3,0.0,16,5,11,0.0,7.642756590910779,0.0150264848551647,6.721410031666288,0.024765008072521147
71,20,3,3,0.0,16,5,15,0.0,8.971859202722163,0.011072374888395962,7.93327548390964,0.021839643546426122
72,20,3,3,0.0,32,0,3,0.0,7.470948984170902,0.04697182168776246,3.605930888473081,1.0141580718647991
73,20,3,3,0.0,32,0,7,0.0,8.578707930597915,0.029794313810325677,5.951494289262504,0.09207785854237521
74,20,3,3,0.0,32,0,11,0.0,8.81028326966824,0.01711854119850546,7.406972515464757,0.032895698180993575
75,20,3,3,0.0,32,0,15,0.0,8.986965775030836,0.00822421320239037,8.012632181898915,0.021938318566225645
76,20,3,3,0.0,32,1,3,0.0,8.566350599498527,0.05051415159153735,4.1543536186944925,1.0032058924433758
77,20,3,3,0.0,32,1,7,0.0,8.273808893275845,0.030122705615700723,5.904593027248528,0.09867001427379357
78,20,3,3,0.0,32,1,11,0.0,10.277810004792256,0.01749310167451845,7.4572370012667255,0.03342991255146915
79,20,3,3,0.0,32,1,15,0.0,7.422052179806099,0.008603935095722428,6.85050443853078,0.013929045223718349
80,20,3,3,0.0,32,2,3,0.0,6.393600896651748,0.050510156988393395,4.96685040614126,1.0261385219003916
81,20,3,3,0.0,32,2,7,0.0,8.641409313773055,0.03002974149466056,6.448762117650928,0.09428129529488535
82,20,3,3,0.0,32,2,11,0.0,6.883065178319669,0.012137507242983339,5.92979299374367,0.02122553924819659
83,20,3,3,0.0,32,2,15,0.0,9.053433182774578,0.009594896354336089,7.9225312860841415,0.02214740288867353
84,20,3,3,0.0,32,3,3,0.0,8.40121836979627,0.05051607801764722,4.370923224425421,1.0391520333668522
85,20,3,3,0.0,32,3,7,0.0,7.341913893403266,0.024679159549934354,5.62712144749363,0.0727167292289474
86,20,3,3,0.0,32,3,11,0.0,7.044344363503282,0.01150829087591323,6.408420379011526,0.017021252980418577
87,20,3,3,0.0,32,3,15,0.0,8.23998162793798,0.008901459769910363,7.489599022951892,0.023640635578012485
88,20,3,3,0.0,32,4,3,0.0,8.231189666299358,0.05056754720428601,5.024287544327381,1.0069169907678923
89,20,3,3,0.0,32,4,7,0.0,8.906329335282813,0.03038751574983929,6.576079317838936,0.0892131892768412
90,20,3,3,0.0,32,4,11,0.0,9.784471231295177,0.01875723453126753,7.854148802404071,0.03609613395873188
91,20,3,3,0.0,32,4,15,0.0,8.143650950249793,0.008575451203346553,7.087216691231054,0.022357090327406664
92,20,3,3,0.0,32,5,3,0.0,7.418125855059056,0.041952323412742736,3.7665691626177398,0.9979924933756489
93,20,3,3,0.0,32,5,7,0.0,7.135481790513694,0.028050483549291058,5.662871271653819,0.05515096561874342
94,20,3,3,0.0,32,5,11,0.0,7.5681496850210594,0.012502496982712242,6.65751926017123,0.020687400053818354
95,20,3,3,0.0,32,5,15,0.0,9.979242598435505,0.012902783825245458,8.550180980627818,0.024568726771590724
96,20,3,3,0.0,64,0,3,0.0,9.493144964150884,0.050654012846096545,5.2010671722602755,0.9921343326812215
97,20,3,3,0.0,64,0,7,0.0,9.303288661040163,0.032994402297178906,6.324595042239377,0.12291339105534879
98,20,3,3,0.0,64,0,11,0.0,9.085474868519048,0.017340896838216532,7.831541510481941,0.03179868079422752
99,20,3,3,0.0,64,0,15,0.0,10.211851853705733,0.013492468235143282,8.650736578107217,0.029515533202025414
100,20,3,3,0.0,64,1,3,0.0,6.922048773841795,0.04768634449976342,3.8319255297949644,1.007575673680698
101,20,3,3,0.0,64,1,7,0.0,9.12792779057053,0.03124782234818463,7.083344751321811,0.17735331865752796
102,20,3,3,0.0,64,1,11,0.0,9.993036226821866,0.01890516097959219,7.972269200237031,0.12190506429500424
103,20,3,3,0.0,64,1,15,0.0,9.557529116381176,0.012401127592278759,8.335574642621113,0.019782239515682167
104,20,3,3,0.0,64,2,3,0.0,8.198267789368888,0.050353057989562695,3.658765210021642,0.9939405044864542
105,20,3,3,0.0,64,2,7,0.0,8.054643653838266,0.028299961415456706,5.903119810737036,0.08174960549165187
106,20,3,3,0.0,64,2,11,0.0,8.67954337949972,0.016615797301811716,7.220242960864853,0.031961989594587806
107,20,3,3,0.0,64,2,15,0.0,11.0849036036538,0.012105011190341547,9.469260212243437,0.019148549720384985
108,20,3,3,0.0,64,3,3,0.0,9.593619319240613,0.05053659175451367,3.904417190519235,0.9959310480547753
109,20,3,3,0.0,64,3,7,0.0,8.224193697782685,0.031542750823992466,5.595525159362392,0.09801027860637963
110,20,3,3,0.0,64,3,11,0.0,6.7525899296488845,0.01380730812601291,5.75298132043046,0.02790989630347113
111,20,3,3,0.0,64,3,15,0.0,7.614899868589377,0.009006189720171162,6.916808594193749,0.013731885983031274
112,20,3,3,0.0,64,4,3,0.0,9.042185231641344,0.04381621107475593,3.6309027173074124,1.0143786552537752
113,20,3,3,0.0,64,4,7,0.0,7.947164359390705,0.02731267784679104,5.940768599187063,0.07852258304403664
114,20,3,3,0.0,64,4,11,0.0,8.885692217975436,0.015543789860549865,7.711992039748104,0.026471705075667363
115,20,3,3,0.0,64,4,15,0.0,9.14047381398597,0.011677633024490404,8.085585177461189,0.017618560796745602
116,20,3,3,0.0,64,5,3,0.0,8.151469760456884,0.05056866673181668,4.378095299947208,1.0120739573961224
117,20,3,3,0.0,64,5,7,0.0,10.113739581408332,0.037698639088037174,7.318908606913243,0.09528150428741872
118,20,3,3,0.0,64,5,11,0.0,10.311987376668014,0.016884387921711704,8.686787136063018,0.040852661011114
119,20,3,3,0.0,64,5,15,0.0,10.895526132133384,0.012866313588091056,8.433878627425406,0.04421465742873997
120,20,4,3,0.0,3,0,3,0.0,20.85534245012392,0.1817360431057211,61.099352079630386,3.006116895496774
121,20,4,3,0.0,3,0,7,0.0,17.962993618383734,0.18638059256655545,232.3300866629133,6.818910720383212
122,20,4,3,0.0,3,0,11,0.0,19.566902903163626,0.005704546779508761,19.35347254837794,0.007811292020602675
123,20,4,3,0.0,3,0,15,0.0,23.195382591270075,0.0020334492495994233,22.856044048229865,0.002264211470852262
124,20,4,3,0.0,3,1,3,0.0,25.904692019161555,0.29109482388030367,126.32084310780078,3.8339752604691983
125,20,4,3,0.0,3,1,7,0.0,19.508331403278742,0.4194891793847465,663.444731229636,7.8762803862920805
126,20,4,3,0.0,3,1,11,0.0,19.907365474273664,0.0063941986066237775,18.34982314126402,0.009772450582260363
127,20,4,3,0.0,3,1,15,0.0,20.999627647715506,0.0021852613930630834,22.16194528424545,0.0025422161308423148
128,20,4,3,0.0,3,2,3,0.0,16.412381679503575,0.32150354813371684,92.92351014207676,3.6835661237674753
129,20,4,3,0.0,3,2,7,0.0,26.460124718930434,0.02148018855298315,20.783550798813124,0.0427810490184234
130,20,4,3,0.0,3,2,11,0.0,19.56201939289699,0.004221570190228539,19.0685083119229,0.004604939704588976
131,20,4,3,0.0,3,2,15,0.0,17.249330248272177,0.0017664411685704743,16.690331552131486,0.001984941868931557
132,20,4,3,0.0,3,3,3,0.0,26.2804487091378,0.2701872771379861,123.6091264635733,5.646533865150583
133,20,4,3,0.0,3,3,7,0.0,24.51718700406047,0.48887010486584476,263.68545006280374,8.59028519765994
134,20,4,3,0.0,3,3,11,0.0,19.74665516116764,0.33551999986730974,642.1467296969232,18.52736550984318
135,20,4,3,0.0,3,3,15,0.0,20.188862675363676,0.0021188605749864016,22.271618094412375,0.0023725572712171416
136,20,4,3,0.0,3,4,3,0.0,19.64188433182736,0.26792879439763445,113.36031175247052,3.8721495645058344
137,20,4,3,0.0,3,4,7,0.0,20.722702991496227,0.19629720911229215,242.741569844251,7.381924004216927
138,20,4,3,0.0,3,4,11,0.0,27.321679448681557,0.24404597185099366,567.5581131298399,13.591059867024537
139,20,4,3,0.0,3,4,15,0.0,22.265502296951706,0.3845342296920072,944.7026845769722,23.691397382456753
140,20,4,3,0.0,3,5,3,0.0,20.618120688894827,0.2207171627070601,75.78910778611883,3.372817530788659
141,20,4,3,0.0,3,5,7,0.0,21.122789772638434,0.23694303707942332,335.18087064860674,8.962651615751854
142,20,4,3,0.0,3,5,11,0.0,19.192938300548086,0.004265992815329225,17.94739851642731,0.005844085104731302
143,20,4,3,0.0,3,5,15,0.0,18.84621570365923,0.4150710032871311,40.731617514163595,0.48235210469892026
144,20,4,3,0.0,8,0,3,0.0,25.941645881493404,0.053830696877441034,29.359866930972128,1.4404899551517405
145,20,4,3,0.0,8,0,7,0.0,21.59771451115799,0.03312043924010818,36.20899199050735,0.8653935368241295
146,20,4,3,0.0,8,0,11,0.0,24.448600752703918,0.005176276024449697,22.309213776765127,0.009937845357944635
147,20,4,3,0.0,8,0,15,0.0,22.7902803629739,0.0024802061930277175,22.606304924545118,0.040027775158043975
148,20,4,3,0.0,8,1,3,0.0,19.935782818778986,0.05222682571386907,20.94931583311764,1.2902790106196447
149,20,4,3,0.0,8,1,7,0.0,19.250083716322195,0.01847603548357649,15.645129666005817,0.04988384514988654
150,20,4,3,0.0,8,1,11,0.0,21.326887534762932,0.005499095481070814,20.515126841317425,0.01034285201489223
151,20,4,3,0.0,8,1,15,0.0,20.06723153254273,0.002800673949571187,26.70538459031094,0.041622128220756026
152,20,4,3,0.0,8,2,3,0.0,23.805776707797108,0.05257179344288313,23.458525195330044,1.3024605879707327
153,20,4,3,0.0,8,2,7,0.0,26.047203741902543,0.021425673760635734,20.51343581353184,0.1220334221189305
154,20,4,3,0.0,8,2,11,0.0,22.010086533066676,0.005691690594874236,20.910682711021035,0.01541792063421464
155,20,4,3,0.0,8,2,15,0.0,19.671351952229326,0.0023138520021808557,20.83960077046032,0.0028050085526850894
156,20,4,3,0.0,8,3,3,0.0,18.62721294014938,0.052636447783961995,21.031132546900416,1.3712939680274303
157,20,4,3,0.0,8,3,7,0.0,21.276393928419527,0.016394554612438845,17.038239514061758,0.0280197610641327
158,20,4,3,0.0,8,3,11,0.0,22.211126377181206,0.005814648829335474,22.167687453974263,0.009141947887231976
159,20,4,3,0.0,8,3,15,0.0,21.170852699727565,0.002607256334634913,20.675208745798354,0.03533431500804779
160,20,4,3,0.0,8,4,3,0.0,19.73641841160308,0.05332148559417052,28.132270022588482,1.4298213179517107
161,20,4,3,0.0,8,4,7,0.0,21.667433267377476,0.015371388691206661,17.678698190365473,0.044960227571130953
162,20,4,3,0.0,8,4,11,0.0,20.621519712499943,0.005227587138293335,20.016440485903015,0.009883662514762899
163,20,4,3,0.0,8,4,15,0.0,27.767920559738887,0.003089141849894509,27.76066915389743,0.010640898968991584
164,20,4,3,0.0,8,5,3,0.0,21.23832009858883,0.05143044615385938,19.547168311660386,1.2432455619382377
165,20,4,3,0.0,8,5,7,0.0,21.036290596926584,0.013277103071715248,18.61741462437721,0.029368241353787138
166,20,4,3,0.0,8,5,11,0.0,22.59746228924029,0.00633263222908422,21.040869486527605,0.046629850511515324
167,20,4,3,0.0,8,5,15,0.0,22.71133333249542,0.003128512720661648,24.015361264456192,0.02019887698779313
168,20,4,3,0.0,16,0,3,0.0,17.320654920905092,0.05087266554422104,13.512378666489338,1.0890185182007184
169,20,4,3,0.0,16,0,7,0.0,19.57508508390547,0.01470650332379656,15.962681376159496,0.024599608283921753
170,20,4,3,0.0,16,0,11,0.0,24.638931628243302,0.00704728637941912,22.600796539628032,0.013288219927421439
171,20,4,3,0.0,16,0,15,0.0,20.113575762656083,0.0033375038430433924,24.673560941044894,0.017055914419548922
172,20,4,3,0.0,16,1,3,0.0,21.06896891793714,0.0509468472478342,15.4237969168211,1.0743932182563194
173,20,4,3,0.0,16,1,7,0.0,24.966550369196355,0.0172818718046877,21.54137519287913,0.028231266820263435
174,20,4,3,0.0,16,1,11,0.0,18.551534638888768,0.005258149998887892,18.16945283521321,0.023480591028672653
175,20,4,3,0.0,16,1,15,0.0,25.615566492989522,0.0027607151238322907,24.48222322531763,0.013902726678279973
176,20,4,3,0.0,16,2,3,0.0,27.35362193113849,0.05094858179818314,13.442261089983793,1.0313753098266265
177,20,4,3,0.0,16,2,7,0.0,19.803539154574423,0.018268922627045645,14.892153567123476,0.045426255309955005
178,20,4,3,0.0,16,2,11,0.0,26.90550095913413,0.00644765993976682,25.355628040124774,0.013927802499396784
179,20,4,3,0.0,16,2,15,0.0,22.45905598580027,0.00284896682892634,22.496382010604005,0.021355601346162406
180,20,4,3,0.0,16,3,3,0.0,22.264895196204556,0.050878030222094944,14.94458822887462,1.0534888226816057
181,20,4,3,0.0,16,3,7,0.0,22.935439938103183,0.02001298207129698,15.908307784098252,0.05547593746877329
182,20,4,3,0.0,16,3,11,0.0,21.837914262334728,0.005515894346044606,21.439883736007463,0.021472544454748752
183,20,4,3,0.0,16,3,15,0.0,20.33451648853789,0.0032300462357525528,21.331227394729424,0.0078031280778043995
184,20,4,3,0.0,16,4,3,0.0,16.244339768922778,0.05108517562560581,17.281799335078425,1.0410315577380373
185,20,4,3,0.0,16,4,7,0.0,19.25600127461383,0.01660662786842347,15.980354342416346,0.029244346302553497
186,20,4,3,0.0,16,4,11,0.0,24.323385914157164,0.005895768599034881,22.748300390064998,0.011346933817570896
187,20,4,3,0.0,16,4,15,0.0,19.830386876773893,0.0018646239645011807,19.1485929366762,0.01247990518277796
188,20,4,3,0.0,16,5,3,0.0,19.402405172046585,0.050960788270479375,13.984122720070955,1.0343248341241222
189,20,4,3,0.0,16,5,7,0.0,32.96835438787201,0.029226784017890715,21.950641803221558,0.08726970720703565
190,20,4,3,0.0,16,5,11,0.0,21.44040377134453,0.006213512087783477,19.652435151229945,0.032271551249212216
191,20,4,3,0.0,16,5,15,0.0,18.7015964053545,0.0025958177362161283,18.119973236450143,0.009042859128705893
192,20,4,3,0.0,32,0,3,0.0,16.764951147234594,0.050856769212118486,14.895845092452848,1.0382104425396512
193,20,4,3,0.0,32,0,7,0.0,23.79314753161371,0.017662558314132843,18.32618774885488,0.037707183430438586
194,20,4,3,0.0,32,0,11,0.0,24.878752580822862,0.007457098066474022,23.27899464587458,0.0231160961307898
195,20,4,3,0.0,32,0,15,0.0,22.394662195736597,0.003393265767897553,23.410499432151884,0.010922841557751207
196,20,4,3,0.0,32,1,3,0.0,18.832688086511702,0.05084229865655188,17.43170781449424,1.0396384410159643
197,20,4,3,0.0,32,1,7,0.0,19.237361406358843,0.013651480923121807,15.971695510726759,0.02487171069674949
198,20,4,3,0.0,32,1,11,0.0,18.89574413068135,0.00536953352394705,18.34310319136258,0.011380897367271018
199,20,4,3,0.0,32,1,15,0.0,19.773382049997636,0.003313141332927661,20.42439855017265,0.009073512646207803
200,20,4,3,0.0,32,2,3,0.0,23.525611039165096,0.050919130494135725,14.964138144002263,1.0728336785215862
201,20,4,3,0.0,32,2,7,0.0,25.572909632590914,0.019089167080501908,21.53415739374005,0.029008736170916823
202,20,4,3,0.0,32,2,11,0.0,20.136053049458983,0.005692039633617696,18.792585264230425,0.009936105322439817
203,20,4,3,0.0,32,2,15,0.0,21.867939172851575,0.003915658123113541,26.50400513897189,0.023784733881185138
204,20,4,3,0.0,32,3,3,0.0,18.40948164555055,0.05087782916823737,14.6990294174666,1.0546804291055947
205,20,4,3,0.0,32,3,7,0.0,24.3341786782538,0.018969205569366626,19.7631901336631,0.03752669707403571
206,20,4,3,0.0,32,3,11,0.0,18.026895800568013,0.005161406167771383,16.873890141356554,0.009045007223275387
207,20,4,3,0.0,32,3,15,0.0,20.682400089240964,0.003377676943422783,24.73593084900548,0.01686549977819911
208,20,4,3,0.0,32,4,3,0.0,24.024372055249863,0.05085256304795838,13.551515512961382,1.0404002564488184
209,20,4,3,0.0,32,4,7,0.0,22.882271888263027,0.018918127797949883,16.830389571502973,0.05269933106524542
210,20,4,3,0.0,32,4,11,0.0,20.040379630966207,0.005359602344532251,18.635296468522558,0.011880831789070224
211,20,4,3,0.0,32,4,15,0.0,18.034436167790833,0.003391307415518253,20.555841099773073,0.00604866518379089
212,20,4,3,0.0,32,5,3,0.0,19.181920505585683,0.05083198189843444,15.334549521651626,1.0510505832809964
213,20,4,3,0.0,32,5,7,0.0,23.811192990049182,0.01866915752201503,17.422733776330478,0.059944695968292674
214,20,4,3,0.0,32,5,11,0.0,21.26998405071932,0.006209124333228722,24.948692613634183,0.045004713370700396
215,20,4,3,0.0,32,5,15,0.0,25.750359973991845,0.003658844883361692,27.43852967505695,0.01568682238750062
216,20,4,3,0.0,64,0,3,0.0,23.744717956715817,0.05089634213980289,14.299956416059395,1.0148755025875447
217,20,4,3,0.0,64,0,7,0.0,24.509983974004893,0.02341991339727601,19.982162898806788,0.04232829699683891
218,20,4,3,0.0,64,0,11,0.0,17.87137574361403,0.0051015056586830535,16.945081359279296,0.010568821740985418
219,20,4,3,0.0,64,0,15,0.0,16.83747171858076,0.0034512228901862835,18.41954655449335,0.0048449684179043065
220,20,4,3,0.0,64,1,3,0.0,21.321870985814005,0.05078581544845289,15.834075594477694,0.9929715573648393
221,20,4,3,0.0,64,1,7,0.0,24.704060210946327,0.021274402250989383,17.641339382215488,0.07380114412489283
222,20,4,3,0.0,64,1,11,0.0,17.44884427243638,0.0041577837872089985,15.537457855055427,0.005542005884079035
223,20,4,3,0.0,64,1,15,0.0,21.802442858790492,0.0037242873026629777,21.291933792263578,0.0063537727831286675
224,20,4,3,0.0,64,2,3,0.0,21.310349242662365,0.050883953676761455,15.040930394201853,1.0359219458594726
225,20,4,3,0.0,64,2,7,0.0,21.923600807916486,0.02073544018478025,18.314058268999624,0.05020882087404294
226,20,4,3,0.0,64,2,11,0.0,27.1430541746741,0.006442550421237184,26.053242102492906,0.012946075162547952
227,20,4,3,0.0,64,2,15,0.0,19.827383533027394,0.0037172387090378426,22.56797780197139,0.006965037637103101
228,20,4,3,0.0,64,3,3,0.0,21.480370543373937,0.05089770128860928,14.436232210117605,0.9921305538795641
229,20,4,3,0.0,64,3,7,0.0,22.449398773204617,0.02047498581373548,16.426822271938125,0.04728052763916951
230,20,4,3,0.0,64,3,11,0.0,20.766086784874382,0.0053688210719874735,19.4806639802761,0.008692062475567615
231,20,4,3,0.0,64,3,15,0.0,18.68980154315031,0.0036210847792806974,22.496303121478846,0.012327108985397304
232,20,4,3,0.0,64,4,3,0.0,24.737731498105735,0.05091556203890102,15.759452687659355,1.0076984178292538
233,20,4,3,0.0,64,4,7,0.0,22.63242076446243,0.021845319819963325,16.988291594455244,0.05767436348150901
234,20,4,3,0.0,64,4,11,0.0,20.000767462785017,0.0048533254767083025,18.28390432787108,0.007608028361894857
235,20,4,3,0.0,64,4,15,0.0,25.893323979147922,0.003367970333063856,26.3706653467011,0.007049236797767566
236,20,4,3,0.0,64,5,3,0.0,23.193208909517473,0.051039673352961605,20.39317133482809,1.0456730595248198
237,20,4,3,0.0,64,5,7,0.0,20.896152840165797,0.018858538089699246,14.945708797150132,0.058759153851955466
238,20,4,3,0.0,64,5,11,0.0,20.015936896441268,0.004653294366831422,19.012082638716105,0.007062594043184935
239,20,4,3,0.0,64,5,15,0.0,17.75116259489845,0.003396817784557999,19.65307381474543,0.0071470332985409946
240,40,3,3,0.0,3,0,3,0.0,9.789336964493026,0.07616278958566101,20.82494665695119,2.5940985326189345
241,40,3,3,0.0,3,0,7,0.0,9.142735688700865,0.3344384382705712,274.09908828647264,6.3329003391529
242,40,3,3,0.0,3,0,11,0.0,8.31061037404912,0.42209075614373875,373.17344850719314,11.7380672501899
243,40,3,3,0.0,3,0,15,0.0,8.903913947021058,0.006664618351944136,8.224100219043818,0.009030982098688424
244,40,3,3,0.0,3,1,3,0.0,10.357030138966557,0.08312974703355597,20.346884591206955,2.7055541266429484
245,40,3,3,0.0,3,1,7,0.0,8.834642510619672,0.4855616044896751,171.2225357142335,5.495175381138362
246,40,3,3,0.0,3,1,11,0.0,9.448735737197943,0.26586540801724723,194.1330120275248,6.837432900493834
247,40,3,3,0.0,3,1,15,0.0,8.744783457601628,0.2955354703586495,232.52517298058945,10.38412366143071
248,40,3,3,0.0,3,2,3,0.0,9.692347137034062,0.06773263504128257,12.707432603477208,1.9726376463997477
249,40,3,3,0.0,3,2,7,0.0,9.407970202895704,0.30502942093752583,155.38825149694247,4.513006442303887
250,40,3,3,0.0,3,2,11,0.0,8.871586658587997,0.26460428086918797,197.79176953944364,8.532182803465785
251,40,3,3,0.0,3,2,15,0.0,11.372194519032503,0.009236216231727472,10.441695899935592,0.01278875362044052
252,40,3,3,0.0,3,3,3,0.0,9.94558881365084,0.07659085471078955,22.03355449077672,2.6280624200789737
253,40,3,3,0.0,3,3,7,0.0,9.441699235942753,0.43212812567076264,193.82893253141063,4.275765020288689
254,40,3,3,0.0,3,3,11,0.0,10.937391654582445,0.01493698509516523,9.52401923351624,0.02097775992611744
255,40,3,3,0.0,3,3,15,0.0,10.593357566211747,0.007642310316009095,9.469418131964753,0.00999899681726576
256,40,3,3,0.0,3,4,3,0.0,9.073312653263724,0.0742674057522556,20.558885695846755,2.6042379902649277
257,40,3,3,0.0,3,4,7,0.0,8.494229937608212,0.4616808835953731,155.32578240522417,3.7565260802175158
258,40,3,3,0.0,3,4,11,0.0,9.955634331208318,0.015792000728789026,8.203160960399702,0.02455417846809595
259,40,3,3,0.0,3,4,15,0.0,10.066443146937353,0.009329671360547886,9.04631169710747,0.012923866076965307
260,40,3,3,0.0,3,5,3,0.0,11.059870111563257,0.05302881870336223,7.871365298584886,1.7001390951956268
261,40,3,3,0.0,3,5,7,0.0,10.06504388649004,0.14641411621706454,83.81035727583051,3.184374918911367
262,40,3,3,0.0,3,5,11,0.0,9.677975529534498,0.011565676813087143,8.558160367656573,0.014917018489748732
263,40,3,3,0.0,3,5,15,0.0,9.339224163793606,0.35537713384220293,295.257241223227,12.49955817860992
264,40,3,3,0.0,8,0,3,0.0,8.120910155123276,0.026199919262566262,4.036415605105321,1.0924670137713102
265,40,3,3,0.0,8,0,7,0.0,8.632111532782874,0.02112224947975241,6.559099271606409,0.08164675404748026
266,40,3,3,0.0,8,0,11,0.0,9.722331959875048,0.01370126304001894,7.896846203409263,0.03119856702665267
267,40,3,3,0.0,8,0,15,0.0,8.232632961806955,0.007306014010657514,7.439178091935549,0.017579204671552082
268,40,3,3,0.0,8,1,3,0.0,9.768117494252257,0.03539050724532256,4.310176063198024,1.0991438057237854
269,40,3,3,0.0,8,1,7,0.0,9.536765236027371,0.06508154487062587,58.43538475555802,2.1071710365013243
270,40,3,3,0.0,8,1,11,0.0,9.15120752630882,0.01203988689000532,7.5163896812719955,0.03659434165718467
271,40,3,3,0.0,8,1,15,0.0,9.761013850433866,0.008665850442315758,8.906297792274794,0.019335494464164243
272,40,3,3,0.0,8,2,3,0.0,8.76196079106433,0.02903359725961627,4.411668196851181,1.129143781419838
273,40,3,3,0.0,8,2,7,0.0,10.477982416937747,0.025997772897240614,7.400683986731333,0.1063653567306446
274,40,3,3,0.0,8,2,11,0.0,9.201258410275114,0.011369616056628501,7.888572037717539,0.0175294571127981
275,40,3,3,0.0,8,2,15,0.0,8.161992198909932,0.006383192048411849,8.195781187709512,0.010404029012291151
276,40,3,3,0.0,8,3,3,0.0,10.254411766986971,0.03844084741923933,4.275115233163618,1.1057370592396447
277,40,3,3,0.0,8,3,7,0.0,10.58216815131578,0.023372926101590467,8.179820003959385,0.27170670865901386
278,40,3,3,0.0,8,3,11,0.0,9.408811690232584,0.012466459459554583,7.427220539624216,0.03191545636787324
279,40,3,3,0.0,8,3,15,0.0,10.880490659716559,0.008592436153763601,9.570451370366325,0.04280286609785587
280,40,3,3,0.0,8,4,3,0.0,10.006902480702427,0.035021450911693626,4.662022597828482,1.1140196189517275
281,40,3,3,0.0,8,4,7,0.0,8.648300991224575,0.022046560984704307,6.373650442461097,0.06553858615097653
282,40,3,3,0.0,8,4,11,0.0,10.855082670312399,0.013583322921123827,8.526160651183824,0.030361404685073295
283,40,3,3,0.0,8,4,15,0.0,11.058568142942166,0.010084298920597371,9.144376190996764,0.0329654188514202
284,40,3,3,0.0,8,5,3,0.0,9.651386645372048,0.04318225870380083,5.015735119040279,1.0895055450832698
285,40,3,3,0.0,8,5,7,0.0,9.058489383309215,0.02278432936247273,6.321004136583612,0.08751398185426688
286,40,3,3,0.0,8,5,11,0.0,9.145086611015843,0.012092139591589633,7.446373953792283,0.03193689374301741
287,40,3,3,0.0,8,5,15,0.0,10.42997980263259,0.008228811733211801,8.565351967642178,0.049711019251250856
288,40,3,3,0.0,16,0,3,0.0,9.706260553383954,0.035178597413533214,3.8365150076656236,1.0171673255109048
289,40,3,3,0.0,16,0,7,0.0,10.071162978771225,0.021437118748072498,7.324291215709202,0.17543171380414851
290,40,3,3,0.0,16,0,11,0.0,8.703320446423028,0.01104034917534505,6.842325474508319,0.027524696687903964
291,40,3,3,0.0,16,0,15,0.0,9.36257643247428,0.007974853506556046,8.366371313732627,0.024553417335004234
292,40,3,3,0.0,16,1,3,0.0,9.778332931951956,0.031057364565534037,3.9328176253889553,1.0364904726151472
293,40,3,3,0.0,16,1,7,0.0,11.130873499683954,0.025508633883942235,9.887537219940878,0.5784263909752644
294,40,3,3,0.0,16,1,11,0.0,9.219532498897538,0.011126254891510723,7.885377017706675,0.027872295051537824
295,40,3,3,0.0,16,1,15,0.0,11.327381519907265,0.010061717013422067,9.593879251681875,0.04143269561737496
296,40,3,3,0.0,16,2,3,0.0,10.9756901217609,0.02666435339707497,4.0693367429399085,1.0206408619119565
297,40,3,3,0.0,16,2,7,0.0,11.08608485400317,0.023466836083622673,9.099807004393561,0.18728135870841914
298,40,3,3,0.0,16,2,11,0.0,10.426867593564149,0.012009806361674605,7.58430635465607,0.07513020669138179
299,40,3,3,0.0,16,2,15,0.0,9.072431190171356,0.008218503492570752,7.944570300491973,0.02229875706337129
300,40,3,3,0.0,16,3,3,0.0,10.099346359353566,0.028817709293162505,4.451320785207661,1.0187677776292832
301,40,3,3,0.0,16,3,7,0.0,9.75941333870837,0.021937457666807457,7.00713862804794,0.2257299626119047
302,40,3,3,0.0,16,3,11,0.0,10.071416649277614,0.013188206464213297,7.5898575387382845,0.04107906525286916
303,40,3,3,0.0,16,3,15,0.0,8.70628595665389,0.0059596206603060725,8.054473043298952,0.012078914052611451
304,40,3,3,0.0,16,4,3,0.0,9.839233673564763,0.03563130500750213,4.2295734261349285,1.0173008220450899
305,40,3,3,0.0,16,4,7,0.0,10.228315537339448,0.02114154677802708,6.993453872960648,0.08832619396421126
306,40,3,3,0.0,16,4,11,0.0,10.798032570065441,0.013279769355177941,8.920865692070729,0.03629499116540163
307,40,3,3,0.0,16,4,15,0.0,9.79032295941097,0.008547746246661459,8.41389041259518,0.03976239882712188
308,40,3,3,0.0,16,5,3,0.0,10.992444472764188,0.03503277324466393,4.316395972510845,1.0088772523973721
309,40,3,3,0.0,16,5,7,0.0,8.522993050274591,0.01945485499737867,6.325422519049543,0.08308194276505279
310,40,3,3,0.0,16,5,11,0.0,10.001462976584918,0.012546459558338233,7.78832241797687,0.04350024625780599
311,40,3,3,0.0,16,5,15,0.0,10.682820341391482,0.009030915210082523,8.84042413956093,0.0436745878843921
312,40,3,3,0.0,32,0,3,0.0,11.676606195504935,0.03375877656085229,4.265347462270858,1.004671466492561
313,40,3,3,0.0,32,0,7,0.0,9.69588399792304,0.0200443579825291,7.260679550716533,0.1080350679577473
314,40,3,3,0.0,32,0,11,0.0,10.040223242637962,0.012131328514253161,7.962765543952658,0.03490349603919082
315,40,3,3,0.0,32,0,15,0.0,9.008199920956818,0.006878684288664397,8.372573560141358,0.014695250864453087
316,40,3,3,0.0,32,1,3,0.0,9.391430679341338,0.027582299584561983,3.9633606601176896,1.0052300330697843
317,40,3,3,0.0,32,1,7,0.0,9.036020866669631,0.019384447750454004,7.395379474392867,0.07246060165186273
318,40,3,3,0.0,32,1,11,0.0,9.145263391365031,0.010562990114806959,7.627667732971384,0.028339234310891716
319,40,3,3,0.0,32,1,15,0.0,8.878462970690569,0.005693296795451934,8.097942454149004,0.012536588333714698
320,40,3,3,0.0,32,2,3,0.0,9.712257841350233,0.0449882580211226,4.125991989131525,1.008076022586708
321,40,3,3,0.0,32,2,7,0.0,10.008948907286593,0.021391052283376736,6.572635308069687,0.10053836084205935
322,40,3,3,0.0,32,2,11,0.0,9.580421883061446,0.012373812130439274,7.762444458380586,0.03716883568588795
323,40,3,3,0.0,32,2,15,0.0,10.208858130550682,0.009369158611326523,8.799983401711255,0.027132614666039747
324,40,3,3,0.0,32,3,3,0.0,8.839523171980307,0.027021948740630047,4.180742933445365,1.0171659721671311
325,40,3,3,0.0,32,3,7,0.0,10.431892942920044,0.021278306804113318,6.950334775933739,0.11186203762626756
326,40,3,3,0.0,32,3,11,0.0,9.59835061485139,0.012123060045261026,7.526444049256426,0.03117983866915874
327,40,3,3,0.0,32,3,15,0.0,10.424628747754378,0.009613608695743528,8.792536371043129,0.024332344995357216
328,40,3,3,0.0,32,4,3,0.0,9.729576470303082,0.03271310026267509,4.201983411949821,1.006652311108754
329,40,3,3,0.0,32,4,7,0.0,10.715926659776542,0.02137563464167939,7.504040583936497,0.11531695640773389
330,40,3,3,0.0,32,4,11,0.0,10.179841005860728,0.014086089293399294,7.998504616568817,0.041227617852246524
331,40,3,3,0.0,32,4,15,0.0,8.47025202219468,0.007343068139770261,7.592457790037413,0.01766570175358578
332,40,3,3,0.0,32,5,3,0.0,8.685572931547526,0.02619743348205371,3.7712084606839578,1.007669729506403
333,40,3,3,0.0,32,5,7,0.0,9.353791971717662,0.02223234884624674,6.518683388959345,0.0765034390148552
334,40,3,3,0.0,32,5,11,0.0,10.855091539024828,0.012888362020784127,8.333444834028608,0.04568979011422952
335,40,3,3,0.0,32,5,15,0.0,9.86714445001733,0.0076339920653655255,7.960225157308203,0.031067463460842878
336,40,3,3,0.0,64,0,3,0.0,9.497256854602387,0.04420243841419886,4.781101173895141,1.0115564961624135
337,40,3,3,0.0,64,0,7,0.0,8.505132316652684,0.01967390472110038,6.804589382014367,0.07500177435125582
338,40,3,3,0.0,64,0,11,0.0,9.91075035615238,0.01272032609662563,7.721180765196417,0.044138753949582596
339,40,3,3,0.0,64,0,15,0.0,11.172748823661967,0.009796086031233438,9.593636118171846,0.02783262864266814
340,40,3,3,0.0,64,1,3,0.0,10.867502670859926,0.031983321203152545,4.37255045141356,1.0206811463208523
341,40,3,3,0.0,64,1,7,0.0,10.167136897306616,0.02003783843223186,6.551296140877532,0.09732847564211987
342,40,3,3,0.0,64,1,11,0.0,10.777289497268987,0.013049095936515941,8.756949400773408,0.036577130967922644
343,40,3,3,0.0,64,1,15,0.0,11.010433438766377,0.009515419009242613,9.717398318908298,0.040701195792780503
344,40,3,3,0.0,64,2,3,0.0,8.570182572543283,0.028406465191328754,4.0172302198342695,0.9993971053474917
345,40,3,3,0.0,64,2,7,0.0,10.056337344166437,0.01997387167496868,7.183241886177764,0.07976201863261895
346,40,3,3,0.0,64,2,11,0.0,10.661717858874452,0.012510142502792998,8.496750352791658,0.04291821074872751
347,40,3,3,0.0,64,2,15,0.0,9.291958435832713,0.00809736415267454,8.448752322412524,0.022668479349459206
348,40,3,3,0.0,64,3,3,0.0,11.320273546208986,0.04259416635490399,4.641051763657761,1.0183853873063027
349,40,3,3,0.0,64,3,7,0.0,9.746932598051538,0.020138629408220258,6.8202011121095,0.09612354250936991
350,40,3,3,0.0,64,3,11,0.0,9.974687657520693,0.013343809557388116,8.06065316187743,0.042861773411127436
351,40,3,3,0.0,64,3,15,0.0,9.370252127856375,0.0075091767935767054,8.027069860828215,0.026471990539452383
352,40,3,3,0.0,64,4,3,0.0,9.704563233812642,0.03332499411293671,4.301862928245914,1.011623335777377
353,40,3,3,0.0,64,4,7,0.0,8.927226128255814,0.019997830953260368,7.237217753404921,0.19116228612722197
354,40,3,3,0.0,64,4,11,0.0,9.598338322821498,0.011929796474472997,7.659617722251634,0.04645262012898892
355,40,3,3,0.0,64,4,15,0.0,11.60090441819812,0.009865342734219058,10.32019553457396,0.040137221704784
356,40,3,3,0.0,64,5,3,0.0,10.09774069980457,0.04015310416553905,4.2179470792469145,1.0177992856608293
357,40,3,3,0.0,64,5,7,0.0,11.506135084386809,0.02239600000026415,8.850756113640477,0.28687616224201523
358,40,3,3,0.0,64,5,11,0.0,8.531065875814388,0.010237295329737025,7.05023432884648,0.02226619385478906
359,40,3,3,0.0,64,5,15,0.0,10.33736659826173,0.008019128248329246,9.482713758268277,0.02122727723852394
360,40,4,3,0.0,3,0,3,0.0,24.504373041866728,0.2167758872177081,142.24438432995163,4.411615484989047
361,40,4,3,0.0,3,0,7,0.0,28.44863662694014,0.48728013086231303,1189.2403155351801,14.518811993134273
362,40,4,3,0.0,3,0,11,0.0,31.162392001097107,0.005259484881948285,30.00698310837277,0.008006717686502027
363,40,4,3,0.0,3,0,15,0.0,26.213617113031436,0.5419729431142567,181.2320001490743,1.4705911161969614
364,40,4,3,0.0,3,1,3,0.0,23.7403429907984,0.21831223836987518,101.88473067198441,3.6008770642348766
365,40,4,3,0.0,3,1,7,0.0,25.397274338927925,0.5145269200362236,1419.0477506970308,9.898242174053653
366,40,4,3,0.0,3,1,11,0.0,23.289033815204537,0.42640208240049327,872.5120373977506,14.801791360641
367,40,4,3,0.0,3,1,15,0.0,27.27927401573865,0.002213977617639831,29.828087882898476,0.002829207435149267
368,40,4,3,0.0,3,2,3,0.0,21.837193798161447,0.25178017209598275,108.63321593800607,3.628795991254373
369,40,4,3,0.0,3,2,7,0.0,23.60042716790964,0.43618490012990074,2021.551070452369,18.464970873994016
370,40,4,3,0.0,3,2,11,0.0,23.722121512047064,0.3682443375901349,1144.6557139993356,45.02781775324843
371,40,4,3,0.0,3,2,15,0.0,26.299760585194555,0.0022103896618766872,31.172916582117043,0.0027983709590164536
372,40,4,3,0.0,3,3,3,0.0,27.269464040294928,0.3083845855868085,188.20934199586654,5.493534673082293
373,40,4,3,0.0,3,3,7,0.0,21.95142862315476,0.16359837733909013,366.35702422571796,6.541006928319897
374,40,4,3,0.0,3,3,11,0.0,22.47002677543423,0.003700656772863909,22.364355962883767,0.0044117633842680835
375,40,4,3,0.0,3,3,15,0.0,28.196487222378575,0.002310144293432656,32.13047423717214,0.0030158529060864505
376,40,4,3,0.0,3,4,3,0.0,28.833217352277643,0.26842648941383307,124.82942210930526,4.138920890823526
377,40,4,3,0.0,3,4,7,0.0,28.869945422905516,0.3936300200497362,1770.4929206226393,44.63378436663903
378,40,4,3,0.0,3,4,11,0.0,23.981834055319645,0.004049810261909527,22.862401173410124,0.004992018071608603
379,40,4,3,0.0,3,4,15,0.0,26.523260011845604,0.0019192288048066814,26.703005565984125,0.002417355226350446
380,40,4,3,0.0,3,5,3,0.0,25.629419477282,0.2777154292932789,145.30996836041558,4.350797357007435
381,40,4,3,0.0,3,5,7,0.0,26.209822278476917,0.3494409199443983,1250.3804089172256,16.47221535229905
382,40,4,3,0.0,3,5,11,0.0,26.696497564039838,0.49974636196798483,935.6010399709065,5.995235988749734
383,40,4,3,0.0,3,5,15,0.0,22.287602579830548,0.0015927776530967252,22.472017566631965,0.002036067386328318
384,40,4,3,0.0,8,0,3,0.0,25.264492966980722,0.050887357393927565,16.590135313170464,1.1876168980260937
385,40,4,3,0.0,8,0,7,0.0,34.18630493485,0.018541810624340384,26.196054201928103,0.053928442508295746
386,40,4,3,0.0,8,0,11,0.0,23.77001385711542,0.004445152556104798,22.560662906606407,0.009258614220829454
387,40,4,3,0.0,8,0,15,0.0,24.837274696817616,0.0019459520953554702,28.541223646689705,0.017948861197068712
388,40,4,3,0.0,8,1,3,0.0,29.82813419939862,0.050971455098101144,17.350476547433068,1.214948042629937
389,40,4,3,0.0,8,1,7,0.0,30.26778805995855,0.026689202856121294,34.39689627735901,0.4036968114040428
390,40,4,3,0.0,8,1,11,0.0,23.316426658200655,0.004113757288775595,23.519382080112983,0.028827061873337098
391,40,4,3,0.0,8,1,15,0.0,24.18410670215031,0.0022658296008871157,26.438310533232123,0.050169806577428464
392,40,4,3,0.0,8,2,3,0.0,27.44534233631878,0.05156026756849188,20.79198985929764,1.2759708128296177
393,40,4,3,0.0,8,2,7,0.0,25.099599257986483,0.012768153021254836,19.863455920440284,0.037633174158768996
394,40,4,3,0.0,8,2,11,0.0,25.53885468180793,0.005245081912168603,27.592071158074003,0.0980859583603661
395,40,4,3,0.0,8,2,15,0.0,26.404064004925573,0.00202585711038123,30.42852867748678,0.05396333176194352
396,40,4,3,0.0,8,3,3,0.0,25.239927383263385,0.050711504187662335,16.874712880467182,1.2508576644741873
397,40,4,3,0.0,8,3,7,0.0,21.872880807629148,0.01073591801876895,18.942469668057505,0.029771601500590775
398,40,4,3,0.0,8,3,11,0.0,26.363770899365715,0.004369640400388573,24.34941153159597,0.007190418797547893
399,40,4,3,0.0,8,3,15,0.0,23.72312847319553,0.001848483484266307,22.925725895956077,0.004298181672908655
400,40,4,3,0.0,8,4,3,0.0,25.655840219109244,0.050912414605718014,19.022934612347328,1.2813567276489455
401,40,4,3,0.0,8,4,7,0.0,20.336630733009002,0.012094784527598478,16.948352833715752,0.024776090093216508
402,40,4,3,0.0,8,4,11,0.0,32.189987142551445,0.006342051604063634,29.200224479329393,0.028907463854718894
403,40,4,3,0.0,8,4,15,0.0,19.68227759912426,0.0023521645870976664,25.253976763650087,0.05583400201362374
404,40,4,3,0.0,8,5,3,0.0,21.50187526624274,0.05076703305182,18.25924872762052,1.234288640740142
405,40,4,3,0.0,8,5,7,0.0,27.51570135417238,0.01801706499155738,20.021781155183536,0.07931703333647763
406,40,4,3,0.0,8,5,11,0.0,22.923950000333175,0.004859614838395422,23.67283865467698,0.02151040326874632
407,40,4,3,0.0,8,5,15,0.0,24.85886052037748,0.0015682668341365199,25.158047383642163,0.002667602686373495
408,40,4,3,0.0,16,0,3,0.0,27.355988188503954,0.05050455470303977,15.306743880295869,1.035168198223193
409,40,4,3,0.0,16,0,7,0.0,24.318887858781014,0.014719633776519862,19.421974546533267,0.033352590958907115
410,40,4,3,0.0,16,0,11,0.0,25.78306701822566,0.0050617113900830206,23.28889961816549,0.011346990597417254
411,40,4,3,0.0,16,0,15,0.0,25.445143575125055,0.00233136627247826,29.477118584615585,0.007687634732140321
412,40,4,3,0.0,16,1,3,0.0,19.652392416444936,0.050495812633353405,14.254181746079883,1.0335660540223275
413,40,4,3,0.0,16,1,7,0.0,25.72424871385196,0.013889865159880213,19.18718793607697,0.04333878314074677
414,40,4,3,0.0,16,1,11,0.0,32.97940569420457,0.0061113174101889425,30.451623338240122,0.05421834718779207
415,40,4,3,0.0,16,1,15,0.0,29.771128304517433,0.002631777116118485,32.62323792446655,0.021857230412577262
416,40,4,3,0.0,16,2,3,0.0,22.923231903720335,0.05061807941936496,14.800103093792204,1.0452781498565842
417,40,4,3,0.0,16,2,7,0.0,25.661269670539316,0.013801269765662656,20.154079700842335,0.07718754930225008
418,40,4,3,0.0,16,2,11,0.0,27.707763360584263,0.004641615302994471,25.42718096237264,0.031881888969816786
419,40,4,3,0.0,16,2,15,0.0,24.567698596095195,0.002467542524594298,25.68007529128349,0.0184105967116504
420,40,4,3,0.0,16,3,3,0.0,23.94034924843294,0.050548621197357604,16.044177748248043,1.0409726669547386
421,40,4,3,0.0,16,3,7,0.0,25.24761180413758,0.013221243094283245,21.523044076966027,0.028538343324064238
422,40,4,3,0.0,16,3,11,0.0,23.143921906447883,0.004942455832215477,22.36610958820187,0.022851887552708942
423,40,4,3,0.0,16,3,15,0.0,21.870471077605863,0.002738525369015716,28.470632200870767,0.03437168648089193
424,40,4,3,0.0,16,4,3,0.0,25.328554192879633,0.05051033229156896,15.237244773794925,1.0414422763587239
425,40,4,3,0.0,16,4,7,0.0,26.59712959091383,0.016339195591590427,18.29245021711981,0.05621100666434691
426,40,4,3,0.0,16,4,11,0.0,24.07172821052241,0.004894835402591535,22.577720242309343,0.01646007188696852
427,40,4,3,0.0,16,4,15,0.0,26.55681168001379,0.0031656949834658337,30.54429307291799,0.05434565190546751
428,40,4,3,0.0,16,5,3,0.0,26.839654012163074,0.05051056278787316,17.082182450941016,1.0570104834539311
429,40,4,3,0.0,16,5,7,0.0,23.247822940190062,0.01301126179024406,18.85049950573284,0.030558515689823325
430,40,4,3,0.0,16,5,11,0.0,24.471949627101882,0.006200736925982047,30.974118531919025,0.14464051694391386
431,40,4,3,0.0,16,5,15,0.0,24.744032279805605,0.00224000043478325,29.376428475107375,0.04820248576084438
432,40,4,3,0.0,32,0,3,0.0,24.715555507965608,0.04243142978296273,14.000566174339918,1.0281051585495071
433,40,4,3,0.0,32,0,7,0.0,23.073750610741676,0.013585299437151624,17.712780623161194,0.04227937451199615
434,40,4,3,0.0,32,0,11,0.0,27.911343457638015,0.005291615342795151,26.375659550993916,0.021640093442171306
435,40,4,3,0.0,32,0,15,0.0,30.164975426548214,0.0023198189909209013,30.044321703430796,0.011107128243445357
436,40,4,3,0.0,32,1,3,0.0,21.550877191166116,0.047995625740178356,18.345843969828206,1.0116915628253917
437,40,4,3,0.0,32,1,7,0.0,24.330641322005135,0.013599768790461627,18.25296918843821,0.03534426743808182
438,40,4,3,0.0,32,1,11,0.0,24.470912266272197,0.0047315588883513815,22.927174544570274,0.009946743864071033
439,40,4,3,0.0,32,1,15,0.0,27.421024349684473,0.0029955562707810355,30.88835908205044,0.03631296460247903
440,40,4,3,0.0,32,2,3,0.0,23.656509174708646,0.05049813126041497,16.015289073852507,1.0068228303003797
441,40,4,3,0.0,32,2,7,0.0,24.540382927938495,0.012391449110677048,20.689119976027243,0.027881449588827004
442,40,4,3,0.0,32,2,11,0.0,21.129000795604572,0.004335106430082961,21.57804167629406,0.01925638702111024
443,40,4,3,0.0,32,2,15,0.0,20.855250542477233,0.0023193866961741657,21.18344951960165,0.007941453615478204
444,40,4,3,0.0,32,3,3,0.0,25.244855565626022,0.045459204567791706,13.57173762709741,1.0109803630507905
445,40,4,3,0.0,32,3,7,0.0,24.81483080269275,0.015099358190961244,18.503457033321478,0.06643657410910907
446,40,4,3,0.0,32,3,11,0.0,27.412335302840606,0.005346528331462586,25.749699470586478,0.012079405716247472
447,40,4,3,0.0,32,3,15,0.0,21.784253646447258,0.002463026511332625,23.46946731189904,0.008790260651023575
448,40,4,3,0.0,32,4,3,0.0,24.646307991863228,0.04651722798634121,14.55299245812857,1.0188768612039587
449,40,4,3,0.0,32,4,7,0.0,23.25993987348165,0.010015156065571216,19.376663377485393,0.019886935059209358
450,40,4,3,0.0,32,4,11,0.0,21.86017906662003,0.003702005585608596,20.626698677080977,0.012400690018757663
451,40,4,3,0.0,32,4,15,0.0,25.210030533539687,0.0028926491010925494,25.93963372906986,0.0181036678251028
452,40,4,3,0.0,32,5,3,0.0,29.220946973871335,0.05053027589751026,17.659384346132512,1.023197026206189
453,40,4,3,0.0,32,5,7,0.0,23.810609075886568,0.012616105564699312,19.803980792080047,0.0224141851355917
454,40,4,3,0.0,32,5,11,0.0,24.274261390487382,0.0041909914844442345,23.358048842539777,0.007892394896355967
455,40,4,3,0.0,32,5,15,0.0,23.8538122236944,0.0026440152902797755,24.640765945006446,0.01863678719058952
456,40,4,3,0.0,64,0,3,0.0,25.795482808988954,0.050531851996001034,15.62701000789449,1.0188181547628514
457,40,4,3,0.0,64,0,7,0.0,27.470619938642237,0.014528526646498318,22.61725879526747,0.10985711321547238
458,40,4,3,0.0,64,0,11,0.0,30.088437883078896,0.006185487581040177,26.813759732890336,0.016521836944096535
459,40,4,3,0.0,64,0,15,0.0,26.554102447171022,0.0030332462589097915,28.292306085976787,0.01199513030383023
460,40,4,3,0.0,64,1,3,0.0,20.103718542866766,0.043113469045195585,15.695605459363543,1.012286968382754
461,40,4,3,0.0,64,1,7,0.0,25.139262688083708,0.01725681136608713,26.23916646631919,0.3193406131217174
462,40,4,3,0.0,64,1,11,0.0,25.657446194209005,0.0050911188414021315,24.989556283071348,0.022222165085928305
463,40,4,3,0.0,64,1,15,0.0,24.721602471431403,0.0027567094691909903,32.100199573996626,0.020855367742773606
464,40,4,3,0.0,64,2,3,0.0,25.35876414876031,0.042695701256680325,13.951238359801545,1.020025738119167
465,40,4,3,0.0,64,2,7,0.0,26.585826418744656,0.01619669000790056,20.646308214709535,0.043814950991831345
466,40,4,3,0.0,64,2,11,0.0,22.96841143587897,0.004295732188266761,21.55370849575354,0.010342563366689199
467,40,4,3,0.0,64,2,15,0.0,19.453508283471773,0.0025752145707377398,27.561472878229118,0.027861008376426084
468,40,4,3,0.0,64,3,3,0.0,21.605497839154157,0.05018954835554414,16.484542815261527,1.0121920707521541
469,40,4,3,0.0,64,3,7,0.0,25.835565679326802,0.015169400127279081,20.68292356927465,0.0369750235328214
470,40,4,3,0.0,64,3,11,0.0,25.403814419067462,0.00525978171338815,23.232492904946465,0.013784027950642399
471,40,4,3,0.0,64,3,15,0.0,26.872602915608727,0.003033919970761415,31.79946038930889,0.04223733479407497
472,40,4,3,0.0,64,4,3,0.0,25.876400317604972,0.044895434644463925,16.08958643379562,1.0172971718020931
473,40,4,3,0.0,64,4,7,0.0,22.21593650763286,0.013530679318049618,18.621382096759625,0.03454137307442855
474,40,4,3,0.0,64,4,11,0.0,28.139695551520088,0.005028710543951717,25.46666273474226,0.017698586048128274
475,40,4,3,0.0,64,4,15,0.0,24.44526886129846,0.002553413830794772,25.250605380337955,0.009350900600804577
476,40,4,3,0.0,64,5,3,0.0,20.104033994732575,0.04747447082109577,13.624450673813097,1.0036287861798447
477,40,4,3,0.0,64,5,7,0.0,27.291981139844406,0.01303141708680288,22.407446713573723,0.03145148742090206
478,40,4,3,0.0,64,5,11,0.0,22.106560953971,0.004029079575305212,20.896728938833522,0.010061035089536482
479,40,4,3,0.0,64,5,15,0.0,24.9358829913358,0.0026769434181319433,25.075768448127157,0.006759628837410125
480,80,3,3,0.0,3,0,3,0.0,9.757971851675038,0.05603854676825239,13.503950191882497,2.219145008551103
481,80,3,3,0.0,3,0,7,0.0,11.009911127320002,0.4410213563779717,312.8468117763095,7.130208592327077
482,80,3,3,0.0,3,0,11,0.0,11.392277754010783,0.29390190482677414,326.85838605463374,13.876882711033364
483,80,3,3,0.0,3,0,15,0.0,10.211883148715694,0.004689963020119613,9.558903795634155,0.006007025540725138
484,80,3,3,0.0,3,1,3,0.0,10.57117736340019,0.05404957067563986,9.63486376254767,1.947254476195152
485,80,3,3,0.0,3,1,7,0.0,10.112292643233825,0.5053183929233904,329.88173217873236,7.293202532196503
486,80,3,3,0.0,3,1,11,0.0,10.905949240410605,0.22929758911849654,305.83671115479723,8.195866415692166
487,80,3,3,0.0,3,1,15,0.0,10.328761602790298,0.005548748840196213,9.377917353380118,0.007179604171895842
488,80,3,3,0.0,3,2,3,0.0,11.105523296643922,0.05960640223663427,15.497109021578423,2.3621427558099013
489,80,3,3,0.0,3,2,7,0.0,11.559803387338045,0.4946171564475956,551.3866981553933,7.035087086554218
490,80,3,3,0.0,3,2,11,0.0,9.743831778436288,0.39313015489711045,437.74775042485373,16.57636438299928
491,80,3,3,0.0,3,2,15,0.0,9.211668536879916,0.005169508911071419,8.541463303338215,0.007430105945939023
492,80,3,3,0.0,3,3,3,0.0,10.824323010676636,0.054286327860044524,10.402804846152018,1.923087373992012
493,80,3,3,0.0,3,3,7,0.0,12.420521319425125,0.4522410072929248,306.6273217310048,7.464197877869489
494,80,3,3,0.0,3,3,11,0.0,12.707008083743426,0.011822908816090787,11.00525489544092,0.018627975721979526
495,80,3,3,0.0,3,3,15,0.0,10.308235810352086,0.21323939939929382,282.94409170647947,8.596829522983068
496,80,3,3,0.0,3,4,3,0.0,11.882920527867658,0.06624950889513356,16.288846900133255,2.308354375718267
497,80,3,3,0.0,3,4,7,0.0,10.31802378624713,0.4697671003566244,216.69483738820952,8.507526445125333
498,80,3,3,0.0,3,4,11,0.0,11.268784186689254,0.2189481803130611,236.2234262995995,5.983151606173216
499,80,3,3,0.0,3,4,15,0.0,10.458299803553547,0.005943338403682542,9.715306633153162,0.007901489419341465
500,80,3,3,0.0,3,5,3,0.0,9.73703686142164,0.06713274149383935,22.973343911630206,2.603396729370142
501,80,3,3,0.0,3,5,7,0.0,10.442481549729079,0.5465659468417917,290.87299340995344,6.713064246321589
502,80,3,3,0.0,3,5,11,0.0,11.530725378358959,0.4992697487683829,318.14848885702565,9.001241650762449
503,80,3,3,0.0,3,5,15,0.0,11.545183004799311,0.006896402277874419,10.654447928445755,0.009199081412588782
504,80,3,3,0.0,8,0,3,0.0,10.68782718375748,0.025059015480749753,5.065909158549788,1.0963606318198598
505,80,3,3,0.0,8,0,7,0.0,10.019648423322932,0.015243847216665234,7.597461194770053,0.06635639301926008
506,80,3,3,0.0,8,0,11,0.0,10.64204799327043,0.00958333075711457,8.611454471676893,0.029089068118959067
507,80,3,3,0.0,8,0,15,0.0,11.52961929830459,0.0069537803784034185,9.849802611251675,0.016415009961398656
508,80,3,3,0.0,8,1,3,0.0,10.65284724921304,0.017364223229282317,4.252514003850296,1.086301944128247
509,80,3,3,0.0,8,1,7,0.0,11.047167648610078,0.0159755833885347,8.515383575030372,0.1814215055376545
510,80,3,3,0.0,8,1,11,0.0,11.32491184402273,0.009487840621930619,9.36373121219593,0.026152978857832743
511,80,3,3,0.0,8,1,15,0.0,9.913447030850657,0.006239838047153122,8.87083708390579,0.014722197111676865
512,80,3,3,0.0,8,2,3,0.0,11.649995759256784,0.027651583200087874,4.774358135110713,1.0981647699080208
513,80,3,3,0.0,8,2,7,0.0,11.207513675127096,0.17560417697370706,164.25340056348165,4.1072663613142675
514,80,3,3,0.0,8,2,11,0.0,11.458673343477237,0.009244598381814557,8.706572324900336,0.03457507226490412
515,80,3,3,0.0,8,2,15,0.0,10.849001550026129,0.005767085751768295,8.893762427913448,0.03075257172853965
516,80,3,3,0.0,8,3,3,0.0,11.69077127138019,0.01722771352786452,4.009799601307008,1.0801073479076857
517,80,3,3,0.0,8,3,7,0.0,11.182075517581719,0.03997175439252707,13.263806059660999,0.5473382527099973
518,80,3,3,0.0,8,3,11,0.0,10.466850098486745,0.00817583110119014,8.506561258127787,0.034304377598717746
519,80,3,3,0.0,8,3,15,0.0,10.346998445282157,0.006143985022314635,8.777029621171469,0.025605570728488444
520,80,3,3,0.0,8,4,3,0.0,9.888266768017342,0.02159134136921426,4.496124618753503,1.0799830517227291
521,80,3,3,0.0,8,4,7,0.0,9.719845506274291,0.01683922359530289,7.6167047211531695,0.22838130172067303
522,80,3,3,0.0,8,4,11,0.0,10.170875505023192,0.008687551632545375,9.006773941923353,0.018009400202039515
523,80,3,3,0.0,8,4,15,0.0,10.853561803650553,0.006266543346624482,9.456266013698528,0.023224636956690366
524,80,3,3,0.0,8,5,3,0.0,9.914417969628623,0.03175492971093889,5.259308648318553,1.0718027770734673
525,80,3,3,0.0,8,5,7,0.0,10.7941575640271,0.015539021024226985,7.5999501227173685,0.2223016618927834
526,80,3,3,0.0,8,5,11,0.0,11.041080361395602,0.010143963710325339,8.944899940315981,0.030967935974168585
527,80,3,3,0.0,8,5,15,0.0,9.619866778171675,0.005635921715807176,8.330386115071352,0.016955708314320923
528,80,3,3,0.0,16,0,3,0.0,9.602622068979668,0.020485695449198024,4.35126926826817,1.0379467077784292
529,80,3,3,0.0,16,0,7,0.0,10.54715899964933,0.014673476303286461,7.182405176323003,0.10495555995959244
530,80,3,3,0.0,16,0,11,0.0,10.284915161883534,0.009661950204500015,8.020094106579137,0.03346783277797241
531,80,3,3,0.0,16,0,15,0.0,9.713061907778618,0.005224183465389482,8.85310547846077,0.037377045409404626
532,80,3,3,0.0,16,1,3,0.0,10.57566143040786,0.02302897072415946,4.499420552308639,1.021655364007105
533,80,3,3,0.0,16,1,7,0.0,10.192975078680997,0.015259725033128385,8.081726154468686,0.2743278118200228
534,80,3,3,0.0,16,1,11,0.0,11.036470515702737,0.00899408522440489,8.664528905458642,0.03429649848189873
535,80,3,3,0.0,16,1,15,0.0,9.936027302967002,0.005327140947779053,8.876843713519253,0.027528247688012618
536,80,3,3,0.0,16,2,3,0.0,9.61793318497091,0.018039704488650336,3.7956914713871033,1.0174851341612103
537,80,3,3,0.0,16,2,7,0.0,10.822125913917253,0.015018188845988777,8.082876731772746,0.071328594803234
538,80,3,3,0.0,16,2,11,0.0,11.033840327320956,0.009855204488111302,8.5514425281214,0.03919741923197711
539,80,3,3,0.0,16,2,15,0.0,9.285500514313808,0.005337552762734791,8.138282827066716,0.016990876216205302
540,80,3,3,0.0,16,3,3,0.0,10.284143732445658,0.02514159044635972,4.500426526914841,1.0216022839101535
541,80,3,3,0.0,16,3,7,0.0,10.167649140160071,0.014933605238840093,8.473233565147765,0.17795196066605454
542,80,3,3,0.0,16,3,11,0.0,12.005996149844771,0.009762613133371002,8.756777004678847,0.042523336709437635
543,80,3,3,0.0,16,3,15,0.0,10.402780909861542,0.006098979137863299,8.71889115935539,0.026798638233859574
544,80,3,3,0.0,16,4,3,0.0,11.491148770479823,0.02130074010134024,4.1541600974359145,1.0289327402443194
545,80,3,3,0.0,16,4,7,0.0,11.45522915511576,0.01533844928114034,7.960690731735915,0.1361440037853281
546,80,3,3,0.0,16,4,11,0.0,11.259330788210052,0.008159239440075863,9.067195947686384,0.03823303158681357
547,80,3,3,0.0,16,4,15,0.0,13.513048355018858,0.0072101273386363535,10.244512922770134,0.0367664116723734
548,80,3,3,0.0,16,5,3,0.0,10.372551494830667,0.019311281667261707,4.617057303819527,1.03962693557196
549,80,3,3,0.0,16,5,7,0.0,10.612087815673277,0.016034174183501747,7.919725685918962,0.13955290698631778
550,80,3,3,0.0,16,5,11,0.0,10.627521304049607,0.009192374156347313,8.550753133845559,0.030114027437056524
551,80,3,3,0.0,16,5,15,0.0,9.973714669989782,0.005182208530255181,9.136684766089447,0.013984468713657492
552,80,3,3,0.0,32,0,3,0.0,11.094411612694065,0.020290634274372856,4.475337888388572,1.008039416403487
553,80,3,3,0.0,32,0,7,0.0,12.053192851678808,0.013694538823883539,7.209188258747186,0.1027470988056529
554,80,3,3,0.0,32,0,11,0.0,10.618378253096463,0.008114635751454984,8.729834437399838,0.059690872734359184
555,80,3,3,0.0,32,0,15,0.0,11.726598850406504,0.0061516400856079815,9.411077832236053,0.04249833649725679
556,80,3,3,0.0,32,1,3,0.0,10.38979587842615,0.02553542676070905,4.354799076105987,1.0024678900741968
557,80,3,3,0.0,32,1,7,0.0,9.53299312963737,0.013761258000465052,7.771731577300651,0.18326053249707955
558,80,3,3,0.0,32,1,11,0.0,10.315937565914957,0.0072681318354736206,8.721696808570986,0.06842162059996888
559,80,3,3,0.0,32,1,15,0.0,10.817436924954078,0.006156661318161487,9.625383483772563,0.016237405723465718
560,80,3,3,0.0,32,2,3,0.0,11.005619147035082,0.027562410397005247,5.2697438269222125,1.00595254440474
561,80,3,3,0.0,32,2,7,0.0,10.858195709796176,0.014360729221750869,9.011445431484995,0.19013859075987655
562,80,3,3,0.0,32,2,11,0.0,11.08857173077642,0.008582864393066695,8.879394233669258,0.03020789579331456
563,80,3,3,0.0,32,2,15,0.0,10.410635709023284,0.005825705203450743,9.089546178809828,0.015287215449860267
564,80,3,3,0.0,32,3,3,0.0,10.009622411970978,0.019331569521420688,4.76646791350084,1.0082101209037466
565,80,3,3,0.0,32,3,7,0.0,10.243896406983358,0.011613398505865612,11.650564819029524,0.7837956454500099
566,80,3,3,0.0,32,3,11,0.0,11.667237578154623,0.009603515143413977,9.1655597318394,0.04249542793033423
567,80,3,3,0.0,32,3,15,0.0,10.262125423395249,0.005656162827252112,8.834020298931804,0.018097974732033225
568,80,3,3,0.0,32,4,3,0.0,10.431988741206283,0.025407818677317565,4.014501105408308,1.005846502623703
569,80,3,3,0.0,32,4,7,0.0,10.296479884924237,0.013825986821042024,7.278110652632821,0.11695831950632689
570,80,3,3,0.0,32,4,11,0.0,10.81581874569151,0.008922561174088203,8.972615496731075,0.027758977939125344
571,80,3,3,0.0,32,4,15,0.0,11.379871044466254,0.006573419254832602,9.233490748744561,0.026377637269232094
572,80,3,3,0.0,32,5,3,0.0,9.358613841406346,0.019796179721496273,4.159813444962941,1.0071217176788416
573,80,3,3,0.0,32,5,7,0.0,9.469808559049364,0.012288551993521551,10.704350364028292,0.6380093057927982
574,80,3,3,0.0,32,5,11,0.0,10.250662891880358,0.008091437771982459,8.316301878385426,0.031344148320168845
575,80,3,3,0.0,32,5,15,0.0,10.870534597313151,0.005397970268452617,9.016726991286921,0.02968232770266431
576,80,3,3,0.0,64,0,3,0.0,11.37568447570086,0.01841012914618609,4.277731201640956,1.00137184112208
577,80,3,3,0.0,64,0,7,0.0,11.214752022763673,0.01314151412709309,8.610807254578015,0.3060958805532068
578,80,3,3,0.0,64,0,11,0.0,10.617951442824857,0.010077849036644828,7.994187055446007,0.04052662083082587
579,80,3,3,0.0,64,0,15,0.0,10.546861900080563,0.005350228771022147,9.581519897872665,0.01542590329558441
580,80,3,3,0.0,64,1,3,0.0,11.282768037108044,0.029612983539995082,5.336859336804102,1.0010180704981289
581,80,3,3,0.0,64,1,7,0.0,10.948139521052385,0.01120237567884837,11.092584582306982,0.6399798357307381
582,80,3,3,0.0,64,1,11,0.0,9.353593384488013,0.007403542872313569,7.593940928838562,0.04103718337301547
583,80,3,3,0.0,64,1,15,0.0,9.273696507966733,0.0047141167973343955,8.435039358641264,0.013516861767328903
584,80,3,3,0.0,64,2,3,0.0,10.297464229420553,0.01603255190476365,4.047809107290684,1.0021537377916505
585,80,3,3,0.0,64,2,7,0.0,10.532333662222698,0.015255052575872348,8.262451847451985,0.16831078608705227
586,80,3,3,0.0,64,2,11,0.0,9.383159755191729,0.007061508629845064,7.975632917321243,0.02505003229699816
587,80,3,3,0.0,64,2,15,0.0,9.834731917772594,0.0059203888852321284,8.424106031343918,0.02004111875666584
588,80,3,3,0.0,64,3,3,0.0,9.87992919612065,0.024030787475184192,4.624843656620874,1.0028704623127314
589,80,3,3,0.0,64,3,7,0.0,10.981138446153807,0.010535970724927502,11.907122475495733,0.757134208879114
590,80,3,3,0.0,64,3,11,0.0,10.247322094543243,0.008725212032501447,8.524572307146602,0.033493507351736694
591,80,3,3,0.0,64,3,15,0.0,10.313086744329937,0.005966408086635511,9.028957797607756,0.018643561124395865
592,80,3,3,0.0,64,4,3,0.0,10.578807503803366,0.01929151392766593,4.578927284227003,1.0035986033631943
593,80,3,3,0.0,64,4,7,0.0,11.00456614261712,0.013958507879268759,7.709586292328563,0.10994895977299478
594,80,3,3,0.0,64,4,11,0.0,9.302882060282688,0.007417644134898913,7.975740725793452,0.01887424199546678
595,80,3,3,0.0,64,4,15,0.0,10.241613581911347,0.005338547915404193,9.280539295068381,0.012610599487077465
596,80,3,3,0.0,64,5,3,0.0,11.723715653668568,0.040483904541873963,5.5086839932064775,1.0019884991614434
597,80,3,3,0.0,64,5,7,0.0,10.61546993701286,0.01324004131093128,7.955821136978899,0.07085595105012577
598,80,3,3,0.0,64,5,11,0.0,10.825202247185874,0.008375406719467833,8.84128192955591,0.031222875094033934
599,80,3,3,0.0,64,5,15,0.0,11.10455929884758,0.00540519827187271,9.664799358328017,0.020209018079905897
600,80,4,3,0.0,3,0,3,0.0,29.66224036268418,0.27511953141869544,251.04674744183436,6.148701934794643
601,80,4,3,0.0,3,0,7,0.0,26.96671277342448,0.5971927230821019,2659.611746146192,18.438054566204354
602,80,4,3,0.0,3,0,11,0.0,30.899305922528438,0.003946935850807944,32.46385873130902,0.00591901074060735
603,80,4,3,0.0,3,0,15,0.0,35.18880558220503,0.20510516666761675,1173.2761725413852,10.118609541895628
604,80,4,3,0.0,3,1,3,0.0,25.036120571659932,0.21034668521967043,212.34540344582493,4.872870773328587
605,80,4,3,0.0,3,1,7,0.0,30.630349382806905,0.3971592169898738,2423.3449678711695,12.105844800041323
606,80,4,3,0.0,3,1,11,0.0,28.680617231756155,0.0036361225837634923,26.857936890853583,0.005665401078688594
607,80,4,3,0.0,3,1,15,0.0,22.969703825462837,0.3071598102158576,1402.4645376510819,38.497302488168295
608,80,4,3,0.0,3,2,3,0.0,26.797085654219213,0.23435501808066173,236.54191734927667,4.66927108013428
609,80,4,3,0.0,3,2,7,0.0,34.085193136553926,0.26866344003928294,798.1532433069862,27.770022557246097
610,80,4,3,0.0,3,2,11,0.0,29.019600712855272,0.14876192034278135,651.8607965410117,7.027578175073435
611,80,4,3,0.0,3,2,15,0.0,29.18061754426827,0.0013354978954081035,28.50402439719868,0.001705786220405537
612,80,4,3,0.0,3,3,3,0.0,24.18871999047565,0.27112230658169145,284.5313803229935,7.519561234203167
613,80,4,3,0.0,3,3,7,0.0,28.369469336238986,0.43644134306630344,2971.388148143263,12.565868439447181
614,80,4,3,0.0,3,3,11,0.0,27.023573551646273,0.0033311853733431875,25.309183531882912,0.005082904346536811
615,80,4,3,0.0,3,3,15,0.0,31.924710944284037,0.0016039630266283624,31.349614074759085,0.0022226250504387662
616,80,4,3,0.0,3,4,3,0.0,29.384328486218262,0.26274557115920316,201.7909730759909,4.961986626486054
617,80,4,3,0.0,3,4,7,0.0,28.65653988021998,0.5862777224431474,2452.585777968354,20.286583679444778
618,80,4,3,0.0,3,4,11,0.0,26.763276176592203,0.002916980158881098,25.463035682002108,0.004564565479000659
619,80,4,3,0.0,3,4,15,0.0,31.368403119271772,0.0015450934774002745,30.24361130876877,0.00219042732895981
620,80,4,3,0.0,3,5,3,0.0,26.799947354599386,0.2466398644944664,245.47124861899314,5.207750420875947
621,80,4,3,0.0,3,5,7,0.0,27.108469033582622,0.4038651728488235,2435.1578611610653,12.533119515055384
622,80,4,3,0.0,3,5,11,0.0,24.685689579433557,0.3478037658120934,700.1828679701403,18.448198960464914
623,80,4,3,0.0,3,5,15,0.0,27.851128665913365,0.0015887941315858246,30.701853474924384,0.0020580013744360944
624,80,4,3,0.0,8,0,3,0.0,30.15583406039896,0.04401949854952456,17.532742421010667,1.217608594284752
625,80,4,3,0.0,8,0,7,0.0,26.145844529740582,0.010547656480688568,21.763122477083115,0.02459952206454049
626,80,4,3,0.0,8,0,11,0.0,26.46072336563035,0.0031542733463625545,24.78101153851715,0.006984864469202138
627,80,4,3,0.0,8,0,15,0.0,31.488844953754132,0.002014649993114121,30.70821437096184,0.008685567568078336
628,80,4,3,0.0,8,1,3,0.0,25.453623716981483,0.050310309218193676,20.9448602422175,1.3008526536389196
629,80,4,3,0.0,8,1,7,0.0,27.561881327005434,0.013616487258663929,36.24812789366385,0.3871816562593928
630,80,4,3,0.0,8,1,11,0.0,27.864655906614452,0.003580324739459283,26.881650852350653,0.026304340518976836
631,80,4,3,0.0,8,1,15,0.0,28.593326997791003,0.0017379410598703075,34.262777087304926,0.07698895011216485
632,80,4,3,0.0,8,2,3,0.0,28.775974978176468,0.042302626595408295,17.62970718240652,1.213670695815988
633,80,4,3,0.0,8,2,7,0.0,29.916694804190584,0.011129970249780335,24.413650775455483,0.03884993702388642
634,80,4,3,0.0,8,2,11,0.0,28.611241834864863,0.004272457345322982,34.30702216932402,0.09505459993868823
635,80,4,3,0.0,8,2,15,0.0,25.826427395014843,0.0023119111218972478,32.25202485487961,0.02050570686720105
636,80,4,3,0.0,8,3,3,0.0,29.34597302854789,0.0505249923851358,19.31891532432461,1.2875835748212243
637,80,4,3,0.0,8,3,7,0.0,26.567422151298146,0.011372360410932326,20.94670015567048,0.026686974398287898
638,80,4,3,0.0,8,3,11,0.0,33.17474334246514,0.005070212963037069,28.125285503877514,0.02188949473965125
639,80,4,3,0.0,8,3,15,0.0,29.321777179060973,0.002648398563759507,31.22394007404303,0.018072641510060116
640,80,4,3,0.0,8,4,3,0.0,26.67993230554618,0.04605681286263169,18.199470483756276,1.2039627440521206
641,80,4,3,0.0,8,4,7,0.0,30.31901837489612,0.01932255989058899,42.37298472856885,0.5409122577957068
642,80,4,3,0.0,8,4,11,0.0,27.641363720265172,0.0036319118146982765,25.647887795809442,0.0160237613103429
643,80,4,3,0.0,8,4,15,0.0,27.851020881964402,0.0014557409045600363,28.046911228451265,0.0036439987514952058
644,80,4,3,0.0,8,5,3,0.0,31.89197689660356,0.04378001342331257,18.40597234329903,1.1981199208991413
645,80,4,3,0.0,8,5,7,0.0,28.528801137536146,0.010438109833935992,23.884888507637875,0.031283196665552265
646,80,4,3,0.0,8,5,11,0.0,26.800248740917482,0.003550834577639834,24.91448895732631,0.00933823865554556
647,80,4,3,0.0,8,5,15,0.0,26.553180902586224,0.0019853613995459703,29.378611205961594,0.011598567938902606
648,80,4,3,0.0,16,0,3,0.0,27.16534138050599,0.035294576833367036,16.66495102354495,1.0409094232071656
649,80,4,3,0.0,16,0,7,0.0,28.79198116506912,0.012153317590566787,21.962633184718964,0.04312220843016244
650,80,4,3,0.0,16,0,11,0.0,34.40439433424591,0.004945330024846378,30.171002050412717,0.04442199190380787
651,80,4,3,0.0,16,0,15,0.0,30.47205535549062,0.0018529676258064165,29.999325141691358,0.010644674985869662
652,80,4,3,0.0,16,1,3,0.0,27.051727829458546,0.03017411539134733,15.990174164180383,1.0364548974639844
653,80,4,3,0.0,16,1,7,0.0,25.105265528221597,0.009915254689858516,20.26362695844036,0.02415437011642743
654,80,4,3,0.0,16,1,11,0.0,27.063006006367846,0.0032697004041380593,26.15080794935675,0.007014941093007764
655,80,4,3,0.0,16,1,15,0.0,22.581915110838544,0.0015834970362359475,29.02278027576694,0.03474485803017329
656,80,4,3,0.0,16,2,3,0.0,30.04848538764706,0.0379230595294676,17.454603228994063,1.0347593648111146
657,80,4,3,0.0,16,2,7,0.0,26.742729462503927,0.010326495057850132,22.120859136306144,0.03052751341194046
658,80,4,3,0.0,16,2,11,0.0,28.371501879373984,0.0041581353891507996,26.69323547765754,0.0499823994035559
659,80,4,3,0.0,16,2,15,0.0,29.48316541406075,0.0016678650678669184,29.68166698799933,0.010669558653278838
660,80,4,3,0.0,16,3,3,0.0,32.459262461972706,0.03520983765337454,16.555182847805828,1.0367006938012935
661,80,4,3,0.0,16,3,7,0.0,25.172928392243534,0.050610908698787566,127.84871151380496,1.301564569907218
662,80,4,3,0.0,16,3,11,0.0,25.33454708358741,0.004186260788573742,25.078221363299754,0.017575772492209367
663,80,4,3,0.0,16,3,15,0.0,32.52194614020357,0.0019476025987277738,31.999084680321477,0.020335287081109384
664,80,4,3,0.0,16,4,3,0.0,30.785989586584364,0.03486342731584065,16.7185712635536,1.056842148347786
665,80,4,3,0.0,16,4,7,0.0,29.1923593442477,0.01088316013378039,22.660576992209943,0.04568313220166027
666,80,4,3,0.0,16,4,11,0.0,22.802787165814067,0.0034653110127784163,26.907372533795876,0.10108012804341912
667,80,4,3,0.0,16,4,15,0.0,29.141549450730132,0.002012301804491921,28.603442191043072,0.021137119417500703
668,80,4,3,0.0,16,5,3,0.0,27.419347281287045,0.04092805768426995,18.167500962971825,1.0464306740067577
669,80,4,3,0.0,16,5,7,0.0,27.39454008329574,0.010400349228703639,20.773404692846185,0.047627708602705605
670,80,4,3,0.0,16,5,11,0.0,28.25386146391391,0.003784792191594475,26.145739589141183,0.01224781728164822
671,80,4,3,0.0,16,5,15,0.0,28.392994006181286,0.0021866052036160857,31.54961016032894,0.024427674263566138
672,80,4,3,0.0,32,0,3,0.0,19.381131131612783,0.035564389394072915,17.539151368983365,1.01989124910324
673,80,4,3,0.0,32,0,7,0.0,29.77834349278416,0.010720079658328932,23.211303006451832,0.03593780232472324
674,80,4,3,0.0,32,0,11,0.0,27.044606483659233,0.003186284061224931,25.74033766176475,0.010953202103445622
675,80,4,3,0.0,32,0,15,0.0,28.967149920592117,0.0026216732303362663,33.93407637176468,0.055638512502847765
676,80,4,3,0.0,32,1,3,0.0,26.756563858623693,0.03291478076999018,17.0266170661197,1.0059234756188125
677,80,4,3,0.0,32,1,7,0.0,28.8696924124589,0.01085484375007196,22.654918836695163,0.033780792271878024
678,80,4,3,0.0,32,1,11,0.0,30.692084061574185,0.004200402682916293,31.873961092380554,0.07622888308776692
679,80,4,3,0.0,32,1,15,0.0,28.78021809948787,0.0020628179100654967,33.080660294790206,0.030999891434220408
680,80,4,3,0.0,32,2,3,0.0,29.192489556211193,0.028524147278924588,15.886688529319317,1.008113574540705
681,80,4,3,0.0,32,2,7,0.0,31.197926536024863,0.0115017840331947,22.718166344003794,0.06149208920928183
682,80,4,3,0.0,32,2,11,0.0,27.140253089194324,0.0036641939474379367,25.052283463616554,0.008802361511661206
683,80,4,3,0.0,32,2,15,0.0,26.344679258333993,0.002142864308102788,29.245600244547713,0.03884321418719753
684,80,4,3,0.0,32,3,3,0.0,28.204281209501243,0.032565507772006036,15.480144474865773,1.0062087412784928
685,80,4,3,0.0,32,3,7,0.0,28.334358072249618,0.014327928989241725,28.692525547417496,0.3577309235186099
686,80,4,3,0.0,32,3,11,0.0,28.377190602218263,0.004355081812835061,25.879418241188034,0.012924205357809785
687,80,4,3,0.0,32,3,15,0.0,26.101748133890634,0.0023324838370433324,28.654261684767512,0.011559871402856189
688,80,4,3,0.0,32,4,3,0.0,27.10727296403732,0.02923593854872557,16.124040967088852,1.0060726491237475
689,80,4,3,0.0,32,4,7,0.0,24.66550904721722,0.008926975989001048,20.12142480093686,0.03081494981591558
690,80,4,3,0.0,32,4,11,0.0,32.550308284458566,0.005112725031759301,28.32953159806404,0.0225746062867197
691,80,4,3,0.0,32,4,15,0.0,26.689955822449377,0.0017914115065953253,27.880608648691666,0.005155594304147474
692,80,4,3,0.0,32,5,3,0.0,29.15058729581132,0.030169911827326014,15.411571193410554,1.0069104020856976
693,80,4,3,0.0,32,5,7,0.0,25.687850566969786,0.008433813277157665,22.623535744180213,0.01703865807202591
694,80,4,3,0.0,32,5,11,0.0,26.998513259263532,0.0030954481964958094,25.50138158968132,0.01140690355065582
695,80,4,3,0.0,32,5,15,0.0,28.694791808525554,0.001780363981023971,29.104486063726483,0.0075369933389750265
696,80,4,3,0.0,64,0,3,0.0,32.13118442040502,0.03988811912954582,17.63666619666368,1.003376743434526
697,80,4,3,0.0,64,0,7,0.0,26.15739370088965,0.009973951611419738,20.79742940266483,0.03152510856145051
698,80,4,3,0.0,64,0,11,0.0,26.235180394187264,0.003097169292840332,24.907686659478838,0.0059749287983658535
699,80,4,3,0.0,64,0,15,0.0,25.549235152983417,0.0015726234997508238,26.21280491387447,0.010362703326123449
700,80,4,3,0.0,64,1,3,0.0,28.11458249301293,0.029499444825846696,17.36017223711501,1.0031329466247605
701,80,4,3,0.0,64,1,7,0.0,29.187004876785547,0.011465855027684898,22.373974455875523,0.03351238341550042
702,80,4,3,0.0,64,1,11,0.0,24.732975465029273,0.0037416630089566944,26.49422000458235,0.020250929256473385
703,80,4,3,0.0,64,1,15,0.0,26.64478842852455,0.0019365527507686168,27.287199484773318,0.008422746164955627
704,80,4,3,0.0,64,2,3,0.0,33.742012237362985,0.029021431260985043,15.437683655266452,1.0008799107911228
705,80,4,3,0.0,64,2,7,0.0,32.923916686581585,0.013616115245020242,22.926931312715293,0.0445376932446638
706,80,4,3,0.0,64,2,11,0.0,26.287669078671666,0.0031770131182738554,25.288707896536884,0.005929117718586538
707,80,4,3,0.0,64,2,15,0.0,28.029537498786393,0.0025423414593748034,36.40408708967174,0.026734675702334454
708,80,4,3,0.0,64,3,3,0.0,25.935826878698222,0.027870337770653467,16.544437489544556,1.001663982430253
709,80,4,3,0.0,64,3,7,0.0,29.080219217367954,0.012285971661141579,22.48098161674795,0.029374944840009465
710,80,4,3,0.0,64,3,11,0.0,30.358533943439,0.0038535994990402085,28.780300271871255,0.014237875133474858
711,80,4,3,0.0,64,3,15,0.0,24.34475772269389,0.0016380567554942515,26.498919770348103,0.008170198995281276
712,80,4,3,0.0,64,4,3,0.0,25.475087208538458,0.027875061529457738,16.76766956222373,1.0025479604454073
713,80,4,3,0.0,64,4,7,0.0,31.754067962434597,0.011058296561894387,24.04958478135865,0.04125321293657822
714,80,4,3,0.0,64,4,11,0.0,24.716946090406584,0.00314631431102665,23.668204004088736,0.008481713220016172
715,80,4,3,0.0,64,4,15,0.0,26.344706363434906,0.001609324613788572,28.997084376726814,0.04589540700366549
716,80,4,3,0.0,64,5,3,0.0,27.98476452449882,0.027684629705955886,15.137690643900394,1.0023940243205762
717,80,4,3,0.0,64,5,7,0.0,33.36429915336101,0.011869060804174308,22.763609324237667,0.05625876261845299
718,80,4,3,0.0,64,5,11,0.0,25.794101024576598,0.004223573062724313,29.97595500163977,0.056155139825441056
719,80,4,3,0.0,64,5,15,0.0,31.652210833076687,0.0025270383781684216,31.715706210252804,0.014985587287620903
